1,1,1,09-12-2018,2,09-05-2018,3,1,2,True,True,True,True,121
10,,3,,,,,,,True,True,True,True,
11,,4,,,,,,,True,True,True,True,
12,,5,,,,,,,True,True,True,True,
13,,6,,,,,,,True,True,True,True,
14,,7,,,,,,,True,True,True,True,
15,,8,,,,,,,True,True,True,True,
16,,9,,,,,,,True,True,True,True,
17,,11,,,,,,,True,True,True,True,
18,,12,,,,,,,True,True,True,True,
19,,,,,,,,,True,True,True,True,
20,,13,,,,,,,True,True,True,True,
21,,14,,,,,,,True,True,True,True,
22,,15,,,,,,,True,True,True,True,
23,,17,,,,,,,True,True,True,True,
24,,18,,,,,,,True,True,True,True,
25,,19,,,,,,,True,True,True,True,
28,,a,,,,,,,True,True,True,True,
29,,b,,,,,,,True,True,True,True,
30,,c,,,,,,,True,True,True,True,
31,1,here,08-29-2018,,,2,8,,True,True,True,True,
35,,big form,2018/01/02,,,,,,True,True,True,True,"1
1
1
1
1
1
1
1
1
1
1
1
1
1
1
1
1
1
1
1
1"
36,,classview form testing,12-29-2016,,12-29-2016,2,,,True,True,True,True,"@2
2
2
2
2
2
2
2
2

2
2
2
2
2
2
2
2
2

2
2
222"
37,4,alpaha test,09-07-2018,,,,,,True,True,True,True,
38,1,export test,09-11-2018,2,09-11-2018,3,1,100,True,True,True,True,this is working
